"","lambda","beta","obj","risk","constraint","policy_value"
"1",0,0.05,-0.0122434150403739,-0.0122434150403739,0.130406005110384,-0.129616877878922
"2",1,0.05,0.115781536420235,0.00320422129257837,0.112577315127657,-0.121239479151613
"3",2,0.05,0.207383141530578,0.0465890517956904,0.0803970448674435,-0.10735025905163
"4",3,0.05,0.239685676833453,0.117739796848818,0.0406486266615449,-0.0916193313668368
"5",4,0.05,0.260927062766049,0.233114446564161,0.00695315405047203,-0.0784951882510797
"6",5,0.05,0.296912855722698,0.268799761547682,0.00562261883500304,-0.0770114383597252
"7",6,0.05,0.271413039332725,0.425410194197387,-0.0256661924774436,-0.0592939735955082
"8",7,0.05,0.163322372179323,0.494686460131387,-0.0473377268502948,-0.0513509371079183
"9",8,0.05,0.0718158931540228,0.618310673088812,-0.0683118474918487,-0.0424749555063321
